{"accuracy": [0.45629966259002686, 0.6895573139190674, 0.7395005822181702, 0.7797957062721252, 0.7883087396621704, 0.8115777373313904, 0.8274688124656677, 0.8359818458557129, 0.8337116837501526, 0.84108966588974, 0.8552780747413635, 0.8615210056304932, 0.8558456301689148, 0.866061270236969, 0.8535754680633545, 0.8649262189865112, 0.8694665431976318, 0.8734392523765564, 0.8632236123085022, 0.8734392523765564, 0.8700340390205383, 0.8723042011260986, 0.8825198411941528, 0.8802497386932373, 0.8898978233337402, 0.8938705921173096, 0.7593643665313721, 0.7956867218017578, 0.819523274898529, 0.8382520079612732, 0.8615210056304932, 0.8558456301689148, 0.8688989877700806, 0.8723042011260986, 0.8700340390205383, 0.8950057029724121, 0.8870601654052734, 0.8989784121513367, 0.8967083096504211, 0.9069239497184753, 0.9211123585700989], "loss": [1.5133875608444214, 0.8642540574073792, 0.7199621200561523, 0.6293155550956726, 0.5710479021072388, 0.5264831185340881, 0.49897974729537964, 0.48273807764053345, 0.4525730311870575, 0.4283449053764343, 0.41556456685066223, 0.3997696042060852, 0.39433637261390686, 0.37647223472595215, 0.39824172854423523, 0.3855515420436859, 0.35895076394081116, 0.3357072174549103, 0.36500105261802673, 0.3350302278995514, 0.3505701720714569, 0.3483395278453827, 0.31494972109794617, 0.3200353682041168, 0.2994028925895691, 0.3026537001132965, 0.6619867086410522, 0.558152437210083, 0.49102485179901123, 0.45206132531166077, 0.39930182695388794, 0.39362967014312744, 0.36257031559944153, 0.35479480028152466, 0.33745479583740234, 0.2986304759979248, 0.2861733138561249, 0.28206637501716614, 0.2687639594078064, 0.25265827775001526, 0.24388326704502106], "val_accuracy": [0.6728723645210266, 0.7765957713127136, 0.789893627166748, 0.8031914830207825, 0.811170220375061, 0.8271276354789734, 0.835106372833252, 0.835106372833252, 0.8244680762290955, 0.8510638475418091, 0.8484042286872864, 0.8484042286872864, 0.8590425252914429, 0.8563829660415649, 0.8510638475418091, 0.8510638475418091, 0.8617021441459656, 0.8563829660415649, 0.8590425252914429, 0.8590425252914429, 0.8643617033958435, 0.8563829660415649, 0.8510638475418091, 0.8510638475418091, 0.8590425252914429, 0.853723406791687, 0.8484042286872864, 0.853723406791687, 0.8510638475418091, 0.853723406791687, 0.8643617033958435, 0.8643617033958435, 0.8696808218955994, 0.8723404407501221, 0.875, 0.8723404407501221, 0.8776595592498779, 0.875, 0.875, 0.8803191781044006, 0.875], "val_loss": [0.8856462240219116, 0.655742347240448, 0.5986822247505188, 0.5421857833862305, 0.5032724738121033, 0.4703774154186249, 0.463619202375412, 0.4548928141593933, 0.47022032737731934, 0.4279879033565521, 0.43098363280296326, 0.4156580865383148, 0.4065229594707489, 0.40627521276474, 0.4065800905227661, 0.4200105369091034, 0.40858906507492065, 0.3954996168613434, 0.3894977867603302, 0.38394784927368164, 0.38260194659233093, 0.3731165826320648, 0.38335809111595154, 0.38075482845306396, 0.3705296516418457, 0.3875235319137573, 0.38619524240493774, 0.387875497341156, 0.39175283908843994, 0.39900410175323486, 0.39274823665618896, 0.3894660770893097, 0.3881736397743225, 0.38518577814102173, 0.3868560492992401, 0.38467201590538025, 0.3765866756439209, 0.37246906757354736, 0.3705820143222809, 0.3753482699394226, 0.37175506353378296]}